ticker,figi,class_code,name
LIFE,TCS10A0JR514,TQBR,Фармсинтез
DATA,TCS00A108ZR8,TQBR,Группа Аренадата
IRKT,BBG000FWGSZ5,TQBR,Яковлев
VSMO,BBG004S68CV8,TQBR,ВСМПО-АВИСМА
UNAC,BBG000Q7ZZY2,TQBR,Объединенная авиастроительная корпорация
CNRU,TCS00A10ANA1,TQBR,Циан
VKCO,TCS00A106YF0,TQBR,ВК
TTLK,BBG000RJL816,TQBR,Таттелеком
MGNT,BBG004RVFCY3,TQBR,Магнит
SVCB,TCS00A0ZZAC4,TQBR,Совкомбанк
ETLN,BBG001M2SC01,TQBR,Etalon Group PLC ГДР
KZOSP,BBG0029SG1C1,TQBR,Казаньоргсинтез - акции привилегированные
WUSH,TCS00A105EX7,TQBR,Whoosh
GEMC,TCS00A107JE2,TQBR,United medical group
UGLD,TCS00A0JPP37,TQBR,Южуралзолото ГК
PHOR,BBG004S689R0,TQBR,ФосАгро
HNFG,TCS00A106XF2,TQBR,HENDERSON
HHRU,TCS2207L1061,TQBR,HeadHunter Group PLC
LNZL,BBG000SK7JS5,TQBR,Лензолото
SELG,BBG002458LF8,TQBR,Селигдар
TATNP,BBG004S68829,TQBR,Татнефть - привилегированные акции
PRFN,TCS00A0JNXF9,TQBR,ЧЗПСН-Профнастил
MAGN,BBG004S68507,TQBR,Магнитогорский металлургический комбинат
VTBR,BBG004730ZJ9,TQBR,Банк ВТБ
CARM,TCS00A105NV2,TQBR,КарМани
RUAL,BBG008F2T3T2,TQBR,РУСАЛ
NKHP,BBG00BGKYH17,TQBR,НКХП
BANEP,BBG004S686N0,TQBR,Башнефть - привилегированные акции
OKEY,BBG00172J7S9,TQBR,O'Key Group SA
ALRS,BBG004S68B31,TQBR,АЛРОСА
MRKP,BBG000VG1034,TQBR,Россети Центр и Приволжье
FLOT,BBG000R04X57,TQBR,Совкомфлот
DIAS,TCS00A107ER5,TQBR,Диасофт
TATN,BBG004RVFFC0,TQBR,Татнефть
ABIO,TCS10A0JNAB6,TQBR,Артген
DVEC,BBG000V07CB8,TQBR,ДЭК
RTKM,BBG004S682Z6,TQBR,Ростелеком
PRMD,TCS30A108JF7,TQBR,Промомед
ZAYM,TCS00A107RM8,TQBR,МФК Займер
MTSS,BBG004S681W1,TQBR,МТС
OZPH,TCS00A109B25,TQBR,Озон Фармацевтика
TGKN,BBG000RG4ZQ4,TQBR,ТГК-14
TRNFP,BBG00475KHX6,TQBR,Транснефть - привилегированные акции
FEES,BBG00475JZZ6,TQBR,ФСК Россети
PMSB,BBG000MZL0Y6,TQBR,Пермэнергосбыт
RBCM,TCS10A0JR6A6,TQBR,РБК
MSRS,BBG004S687G6,TQBR,Россети Московский регион
RAGR,TCS90A0JQUZ6,TQBR,РусАгро
IRAO,BBG004S68473,TQBR,Интер РАО ЕЭС
NSVZ,BBG002BCQK67,TQBR,Наука-Связь
GCHE,BBG000RTHVK7,TQBR,Группа Черкизово
UWGN,TCS90A0JVBT9,TQBR,ОВК
SNGSP,BBG004S681M2,TQBR,Сургутнефтегаз - привилегированные акции
BLNG,TCS20A0J2QG8,TQBR,Белон
X5,TCS03A108X38,TQBR,Корпоративный Центр Икс 5
NVTK,BBG00475KKY8,TQBR,НОВАТЭК
UNKL,BBG002YFXL29,TQBR,ЮУНК
NKNC,BBG000GQSRR5,TQBR,Нижнекамскнефтехим
AQUA,BBG000W325F7,TQBR,ИНАРКТИКА
VRSB,BBG000BX7DH0,TQBR,ТНС энерго Воронеж
MBNK,TCS00A0JRH43,TQBR,МТС-Банк
MOEX,BBG004730JJ5,TQBR,Московская Биржа
ROLO,BBG004Z2RGW8,TQBR,Русолово
OZON,BBG00Y91R9T3,TQBR,Ozon Holdings PLC
OGKB,BBG000RK52V1,TQBR,Вторая генерирующая компания оптового рынка электроэнергии
KAZTP,BBG002B9T6Y1,TQBR,КуйбышевАзот - Акции привилегированные
SNGS,BBG0047315D0,TQBR,Сургутнефтегаз
CBOM,BBG009GSYN76,TQBR,МКБ
TGKBP,BBG000Q7GJ60,TQBR,ТГК-2 - акции привилегированные
ABRD,BBG002W2FT69,TQBR,АбрауДюрсо
PIKK,BBG004S68BH6,TQBR,ПИК
ROSN,BBG004731354,TQBR,Роснефть
EUTR,TCS00A1002V2,TQBR,ЕвроТранс
TRMK,BBG004TC84Z8,TQBR,Трубная Металлургическая Компания
SOFL,TCS00A0ZZBC2,TQBR,Софтлайн
MRKU,BBG000VKG4R5,TQBR,Россети Урал
KRKNP,BBG002B2J5X0,TQBR,Саратовский НПЗ - акции привилегированные
CHMF,BBG00475K6C3,TQBR,Северсталь
ENPG,BBG000RMWQD4,TQBR,Эн+
NKNCP,BBG000GQSVC2,TQBR,Нижнекамскнефтехим (привилегированные)
T,TCS80A107UL4,TQBR,Т-Технологии
MRKV,BBG000PKWCQ7,TQBR,Россети Волга
LSRG,BBG004S68C39,TQBR,Группа ЛСР
CNTL,BBG000BBV4M5,TQBR,Центральный Телеграф
VSEH,TCS10A108K09,TQBR,ВИ.РУ
SVAV,BBG004S68JR8,TQBR,СОЛЛЕРС
RTKMP,BBG004S685M3,TQBR,Ростелеком - Привилегированные акции
KMAZ,BBG000LNHHJ9,TQBR,КАМАЗ
KZOS,BBG0029SFXB3,TQBR,Казаньоргсинтез - акции обыкновенные
FIXP,BBG00ZHCX1X2,TQBR,Fix Price Group
MGTSP,BBG000PZ0833,TQBR,МГТС - акции привилегированные
ELFV,BBG000F6YPH8,TQBR,ЭЛ5-Энерго
KLVZ,TCS00A107KX0,TQBR,Кристалл
VEON-RX,BBG00R4Z2NT4,TQBR,VEON
HEAD,TCS20A107662,TQBR,Хэдхантер
YDEX,TCS00A107T19,TQBR,Яндекс
SMLT,BBG00F6NKQX3,TQBR,ГК Самолет
BANE,BBG004S68758,TQBR,Башнефть
AFLT,BBG004S683W7,TQBR,Аэрофлот
SBER,BBG004730N88,TQBR,Сбер Банк
GECO,TCS00A105BN4,TQBR,Генетико
MVID,BBG004S68CP5,TQBR,М.Видео
PMSBP,BBG000MZL2S9,TQBR,Пермэнергосбыт - акции привилегированные
MSTT,BBG004S68DD6,TQBR,Мостотрест
MTLR,BBG004S68598,TQBR,Мечел
IVAT,TCS00A108GD8,TQBR,IVA Technologies
AKRN,BBG004S688G4,TQBR,Акрон
MDMG,TCS00Y3XYV94,TQBR,Мать и дитя
GAZP,BBG004730RP0,TQBR,Газпром
SBERP,BBG0047315Y7,TQBR,Сбер Банк - привилегированные акции
LENT,BBG0063FKTD9,TQBR,Лента
BSPB,BBG000QJW156,TQBR,Банк Санкт-Петербург
ASTR,RU000A106T36,TQBR,Группа Астра
RKKE,BBG000LWNRP3,TQBR,РКК Энергия им.С.П.Королева
LSNG,BBG000NLC9Z6,TQBR,Россети Ленэнерго
RENI,BBG00QKJSX05,TQBR,Ренессанс Страхование
MRKC,BBG000VH7TZ8,TQBR,Россети Центр
POSI,TCS00A103X66,TQBR,Группа Позитив
KROT,BBG000NLB2G3,TQBR,Красный Октябрь
KAZT,BBG002B9MYC1,TQBR,КуйбышевАзот
SIBN,BBG004S684M6,TQBR,Газпром нефть
YAKG,BBG002B298N6,TQBR,ЯТЭК
TGKB,BBG000Q7GG57,TQBR,ТГК-2
KLSB,BBG000DBD6F6,TQBR,Калужская сбытовая компания
CHMK,BBG000RP8V70,TQBR,ЧМК
RNFT,BBG00F9XX7H4,TQBR,РуссНефть
MRKZ,BBG000TJ6F42,TQBR,Россети Северо-Запад
APTK,BBG000K3STR7,TQBR,"Аптечная сеть 36,6"
QIWI,BBG005D1WCQ1,TQBR,QIWI
HYDR,BBG00475K2X9,TQBR,РусГидро
GTRK,TCS03A0ZYD22,TQBR,ГТМ
NLMK,BBG004S681B4,TQBR,НЛМК
BELU,BBG000TY1CD1,TQBR,Novabev Group
LNZLP,BBG000SR0YS4,TQBR,Лензолото - привилегированные акции
SFIN,BBG003LYCMB1,TQBR,ЭсЭфАй
FESH,BBG000QF1Q17,TQBR,ДВМП
RASP,BBG004S68696,TQBR,Распадская
SGZH,BBG0100R9963,TQBR,Сегежа
LSNGP,BBG000NLCCM3,TQBR,Россети Ленэнерго - акции привилегированные
GMKN,BBG004731489,TQBR,Норильский никель
UPRO,BBG004S686W0,TQBR,Юнипро
MRKS,BBG000VJMH65,TQBR,Россети Сибирь
MSNG,BBG004S687W8,TQBR,Мосэнерго
AFKS,BBG004S68614,TQBR,АФК Система
PLZL,BBG000R607Y3,TQBR,Полюс
LKOH,BBG004731032,TQBR,ЛУКОЙЛ
DELI,TCS00A107J11,TQBR,Делимобиль
MGKL,TCS00A0JVJQ8,TQBR,МГКЛ
LEAS,TCS00A0ZZFS9,TQBR,Европлан
NMTP,BBG004S68BR5,TQBR,НМТП
TGKA,BBG000QFH687,TQBR,ТГК-1
CNTLP,BBG0027F0Y27,TQBR,Центральный Телеграф - акции привилегированные
MTLRP,BBG004S68FR6,TQBR,Мечел - Привилегированные акции
MRKY,BBG000C7P5M7,TQBR,Россети Юг
