ticker,figi,name
ABIO,iАРТГЕН ао,TQBR
ABRD,АбрауДюрсо,TQBR
AFKS,Система ао,TQBR
AFLT,Аэрофлот,TQBR
AGRO,AGRO-гдр,TQBR
AKRN,Акрон,TQBR
ALRS,АЛРОСА ао,TQBR
AMEZ,АшинскийМЗ,TQBR
APRI,АПРИ,TQBR
APTK,Аптеки36и6,TQBR
AQUA,ИНАРКТИКА,TQBR
ARSA,Арсагера,TQBR
ASSB,АстрЭнСб,TQBR
ASTR,Астра ао,TQBR
AVAN,Авангрд-ао,TQBR
BANE,Башнефт ао,TQBR
BANEP,Башнефт ап,TQBR
BELU,НоваБев ао,TQBR
BISVP,БашИнСв ап,TQBR
BLNG,Белон ао,TQBR
BRZL,БурЗолото,TQBR
BSPB,БСП ао,TQBR
BSPBP,БСП ап,TQBR
CARM,СТГ,TQBR
CBOM,МКБ ао,TQBR
CHGZ,РН-ЗапСиб,TQBR
CHKZ,ЧКПЗ ао,TQBR
CHMF,СевСт-ао,TQBR
CHMK,ЧМК ао,TQBR
CNRU,ЦИАН,TQBR
CNTL,Телеграф,TQBR
CNTLP,Телеграф-п,TQBR
DATA,iАренадата,TQBR
DELI,iКаршеринг,TQBR
DIAS,iДиасофт,TQBR
DIOD,ЗаводДИОД,TQBR
DVEC,ДЭК ао,TQBR
DZRD,ДонскЗР,TQBR
DZRDP,ДонскЗР п,TQBR
EELT,ЕвроЭлтех,TQBR
ELFV,ЭЛ5Энер ао,TQBR
ELMT,Элемент,TQBR
ENPG,ЭН+ГРУП ао,TQBR
ETLN,ETLN-гдр,TQBR
EUTR,ЕвроТранс,TQBR
FEES,Россети,TQBR
FESH,ДВМП ао,TQBR
FIXP,FIXP-гдр,TQBR
FLOT,Совкомфлот,TQBR
GAZA,ГАЗ ао,TQBR
GAZAP,ГАЗ ап,TQBR
GAZC,ГАЗКОН-ао,TQBR
GAZP,ГАЗПРОМ ао,TQBR
GAZS,ГАЗ-сервис,TQBR
GAZT,ГАЗ-Тек ао,TQBR
GCHE,ЧеркизГ-ао,TQBR
GECO,iГЕНЕТИКО,TQBR
GEMA,iММЦБ ао,TQBR
GEMC,МКПАО ЮМГ,TQBR
GMKN,ГМКНорНик,TQBR
GTRK,ГТМ ао,TQBR
HEAD,Хэдхантер,TQBR
HIMCP,Химпром ап,TQBR
HNFG,ХЭНДЕРСОН,TQBR
HYDR,РусГидро,TQBR
IGST,Ижсталь2ао,TQBR
IGSTP,Ижсталь ап,TQBR
INGR,ИНГРАД ао,TQBR
IRAO,ИнтерРАОао,TQBR
IRKT,Яковлев-3,TQBR
IVAT,iИВА,TQBR
JNOS,Славн-ЯНОС,TQBR
JNOSP,Слав-ЯНОСп,TQBR
KAZT,Куйбазот,TQBR
KAZTP,Куйбазот-п,TQBR
KBSB,ТНСэКубань,TQBR
KCHE,КамчатЭ ао,TQBR
KCHEP,КамчатЭ ап,TQBR
KGKC,КурганГКао,TQBR
KGKCP,КурганГКап,TQBR
KLSB,КалужскСК,TQBR
KLVZ,Кристалл,TQBR
KMAZ,КАМАЗ,TQBR
KMEZ,КМЗ,TQBR
KOGK,КоршГОК ао,TQBR
KRKN,СаратНПЗ,TQBR
KRKNP,СаратНПЗ-п,TQBR
KRKOP,ТКЗКК ап,TQBR
KROT,КрасОкт-ао,TQBR
KROTP,КрасОкт-1п,TQBR
KRSB,Красэсб ао,TQBR
KRSBP,Красэсб ап,TQBR
KUZB,КузнецкийБ,TQBR
KZOS,ОргСинт ао,TQBR
KZOSP,ОргСинт ап,TQBR
LEAS,Европлан,TQBR
LENT,Лента ао,TQBR
LIFE,Фармсинтез,TQBR
LKOH,ЛУКОЙЛ,TQBR
LMBZ,Ламбумиз,TQBR
LNZL,Лензолото,TQBR
LNZLP,Лензол. ап,TQBR
LPSB,ЛЭСК ао,TQBR
LSNG,РСетиЛЭ,TQBR
LSNGP,РСетиЛЭ-п,TQBR
LSRG,ЛСР ао,TQBR
LVHK,Левенгук,TQBR
MAGE,МагадЭн ао,TQBR
MAGEP,МагадЭн ап,TQBR
MAGN,ММК,TQBR
MBNK,МТС Банк,TQBR
MDMG,MDMG-ао,TQBR
MFGS,Мегион-ао,TQBR
MFGSP,Мегион-ап,TQBR
MGKL,МГКЛ,TQBR
MGNT,Магнит ао,TQBR
MGNZ,СМЗ-ао,TQBR
MGTS,МГТС-5ао,TQBR
MGTSP,МГТС-4ап,TQBR
MISB,ТНСэнМарЭл,TQBR
MISBP,ТНСэМаЭл-п,TQBR
MOEX,МосБиржа,TQBR
MRKC,РоссЦентр,TQBR
MRKK,Россети СК,TQBR
MRKP,РСетиЦП ао,TQBR
MRKS,РсетСиб ао,TQBR
MRKU,Россети Ур,TQBR
MRKV,РсетВол ао,TQBR
MRKY,РоссЮг ао,TQBR
MRKZ,РСетиСЗ ао,TQBR
MRSB,МордЭнСб,TQBR
MSNG,+МосЭнерго,TQBR
MSRS,РСетиМР ао,TQBR
MSTT,Мостотрест,TQBR
MTLR,Мечел ао,TQBR
MTLRP,Мечел ап,TQBR
MTSS,МТС-ао,TQBR
MVID,М.видео,TQBR
NAUK,iНПОНаука,TQBR
NFAZ,НЕФАЗ,TQBR
NKHP,НКХП ао,TQBR
NKNC,НКНХ ао,TQBR
NKNCP,НКНХ ап,TQBR
NKSH,Нижкамшина,TQBR
NLMK,НЛМК ао,TQBR
NMTP,НМТП ао,TQBR
NNSB,ТНСэнНН ао,TQBR
NNSBP,ТНСэнНН ап,TQBR
NSVZ,iНаукаСвяз,TQBR
NVTK,Новатэк ао,TQBR
OGKB,ОГК-2 ао,TQBR
OKEY,OKEY-гдр,TQBR
OMZZP,ОМЗ-ап,TQBR
OZON,OZON-адр,TQBR
OZPH,iОзонФарм,TQBR
PAZA,ПавлАвт ао,TQBR
PHOR,ФосАгро ао,TQBR
PIKK,ПИК ао,TQBR
PLZL,Полюс,TQBR
PMSB,ПермьЭнСб,TQBR
PMSBP,ПермьЭнС-п,TQBR
POSI,iПозитив,TQBR
PRFN,ТЕПЛАНТ ао,TQBR
PRMB,Приморье,TQBR
PRMD,ПРОМОМЕД,TQBR
QIWI,iNanduQPLC,TQBR
RAGR,Русагро,TQBR
RASP,Распадская,TQBR
RBCM,ГК РБК ао,TQBR
RDRB,РДБанк ао,TQBR
RENI,Ренессанс,TQBR
RGSS,РГС СК ао,TQBR
RKKE,ЭнергияРКК,TQBR
RNFT,РуссНфт ао,TQBR
ROLO,Русолово,TQBR
ROSN,Роснефть,TQBR
ROST,РОСИНТЕРао,TQBR
RTGZ,ГР Ростов,TQBR
RTKM,Ростел -ао,TQBR
RTKMP,Ростел -ап,TQBR
RTSB,ТНСэнРст,TQBR
RTSBP,ТНСэнРст-п,TQBR
RUAL,РУСАЛ ао,TQBR
RUSI,ИКРУСС-ИНВ,TQBR
RZSB,РязЭнСб,TQBR
SAGO,СамарЭн-ао,TQBR
SAGOP,СамарЭн-ап,TQBR
SARE,СаратЭн-ао,TQBR
SAREP,СаратЭн-ап,TQBR
SBER,Сбербанк,TQBR
SBERP,Сбербанк-п,TQBR
SELG,Селигдар,TQBR
SFIN,ЭсЭфАй ао,TQBR
SGZH,Сегежа,TQBR
SIBN,Газпрнефть,TQBR
SLEN,Сахэнер ао,TQBR
SMLT,Самолет ао,TQBR
SNGS,Сургнфгз,TQBR
SNGSP,Сургнфгз-п,TQBR
SOFL,iСофтлайн,TQBR
SPBE,СПБ Биржа,TQBR
STSB,СтаврЭнСб,TQBR
STSBP,СтаврЭнСбп,TQBR
SVAV,СОЛЛЕРС,TQBR
SVCB,Совкомбанк,TQBR
SVET,Светофор,TQBR
SVETP,Светофор п,TQBR
T,Т-Техно ао,TQBR
TASB,ТамбЭнСб,TQBR
TASBP,ТамбЭнСб-п,TQBR
TATN,Татнфт 3ао,TQBR
TATNP,Татнфт 3ап,TQBR
TGKA,ТГК-1,TQBR
TGKB,ТГК-2,TQBR
TGKBP,ТГК-2 ап,TQBR
TGKN,ТГК-14,TQBR
TNSE,ТНСэнрг ао,TQBR
TORS,РСТомск ао,TQBR
TORSP,РСТомск ап,TQBR
TRMK,ТМК ао,TQBR
TRNFP,Транснф ап,TQBR
TTLK,Таттел. ао,TQBR
TUZA,ТЗА ао,TQBR
UGLD,ЮГК,TQBR
UKUZ,ЮжКузб. ао,TQBR
UNAC,iАвиастКао,TQBR
UNKL,ЮУНК ао,TQBR
UPRO,Юнипро ао,TQBR
URKZ,УрКузница,TQBR
USBN,УралСиб ао,TQBR
UTAR,ЮТэйр ао,TQBR
UWGN,ОВК ао,TQBR
VEON-RX,VEON,TQBR
VGSB,ВолгЭнСб,TQBR
VGSBP,ВолгЭнСб-п,TQBR
VJGZ,Варьеган,TQBR
VJGZP,Варьеган-п,TQBR
VKCO,"МКПАО ""ВК""",TQBR
VLHZ,ВХЗ-ао,TQBR
VRSB,ТНСэнВорон,TQBR
VRSBP,ТНСэнВор-п,TQBR
VSEH,ВИ.ру,TQBR
VSMO,ВСМПО-АВСМ,TQBR
VSYD,ВыбСудЗ ао,TQBR
VSYDP,ВыбСудЗ ап,TQBR
VTBR,ВТБ ао,TQBR
WTCM,ЦМТ ао,TQBR
WTCMP,ЦМТ ап,TQBR
WUSH,iВУШХолднг,TQBR
X5,КЦ ИКС 5,TQBR
YAKG,ЯТЭК ао,TQBR
YDEX,ЯНДЕКС,TQBR
YKEN,Якутскэнрг,TQBR
YKENP,Якутскэн-п,TQBR
YRSB,ТНСэнЯр,TQBR
YRSBP,ТНСэнЯр-п,TQBR
ZAYM,Займер ао,TQBR
ZILL,ЗИЛ ао,TQBR
ZVEZ,ЗВЕЗДА ао,TQBR
